month,platform,total_spend,total_revenue,monthly_roas,recommended_cut
2025-12,"Email Marketing",1796.66,1198.99,0.67,1796.66
2025-10,"Email Marketing",791.74,959.52,1.21,791.74
2025-07,"Email Marketing",1362.00,2364.53,1.74,1362.00
2024-06,"Email Marketing",942.79,1694.39,1.80,942.79
2025-09,"Facebook Ads",3877.76,9733.42,2.51,3877.76
2024-10,"Email Marketing",1040.57,2620.57,2.52,1040.57
2024-08,"Facebook Ads",5418.73,16769.26,3.09,5418.73
2025-06,"Email Marketing",1293.73,4167.46,3.22,1293.73
2025-03,"Google Ads",4709.29,15626.52,3.32,4709.29
2025-11,"Email Marketing",1555.69,5230.26,3.36,1555.69
2024-11,"Email Marketing",1841.71,6200.27,3.37,1841.71
2025-02,"Email Marketing",724.90,2632.20,3.63,724.90
2025-01,Influencer,4482.46,16965.03,3.78,4482.46
2025-09,"Google Ads",6501.13,24956.21,3.84,6501.13
2025-02,"Google Ads",3865.38,15024.39,3.89,3865.38
2024-09,"Email Marketing",722.81,2813.58,3.89,722.81
2025-07,"Google Ads",5843.74,24954.40,4.27,5843.74
2025-11,"Facebook Ads",6884.20,30596.67,4.44,6884.20
2025-09,Influencer,2371.92,10831.61,4.57,2371.92
2025-03,"Facebook Ads",4232.78,19451.19,4.60,4232.78
2024-01,"Email Marketing",868.82,4223.97,4.86,868.82
2024-04,"Email Marketing",955.87,4675.54,4.89,955.87
2024-11,Influencer,4269.49,21202.36,4.97,4269.49
2024-08,"Email Marketing",1192.86,5926.54,4.97,1192.86
2025-01,"Facebook Ads",2367.52,11865.80,5.01,2367.52
2025-01,"Email Marketing",730.59,3745.83,5.13,730.59
2025-11,"Instagram Ads",2731.23,14166.78,5.19,2731.23
2024-11,"Instagram Ads",5965.21,34361.79,5.76,5965.21
2024-04,Influencer,5861.27,34178.08,5.83,5861.27
2024-08,"TikTok Ads",2195.14,13202.46,6.01,2195.14
2024-12,"TikTok Ads",2219.28,13937.47,6.28,2219.28
2024-10,"Facebook Ads",5251.93,34053.52,6.48,5251.93
2025-03,"Email Marketing",1106.72,7269.93,6.57,1106.72
2024-11,"Facebook Ads",8556.10,56432.58,6.60,4725.31
