primary_category,channel,total_orders,returned_orders,returned_rate
Clothing,"Social Commerce",30,4,13.33
Books,"Social Commerce",23,3,13.04
"Home & Kitchen","Social Commerce",23,3,13.04
"Food & Beverage","Social Commerce",24,3,12.50
Clothing,Marketplace,60,7,11.67
Electronics,Website,101,10,9.90
Sports,"Mobile App",95,9,9.47
Books,Website,88,8,9.09
Electronics,"Social Commerce",23,2,8.70
Toys,Marketplace,48,4,8.33
Sports,Website,121,10,8.26
Toys,"Mobile App",75,6,8.00
Books,Marketplace,51,4,7.84
Electronics,Marketplace,65,5,7.69
Electronics,"Mobile App",78,6,7.69
Clothing,"Mobile App",69,5,7.25
Beauty,"Mobile App",58,4,6.90
"Food & Beverage","Mobile App",74,5,6.76
"Home & Kitchen",Marketplace,45,3,6.67
Books,"Mobile App",77,5,6.49
Toys,Website,111,7,6.31
Clothing,Website,134,8,5.97
Beauty,Website,84,5,5.95
"Food & Beverage",Website,87,5,5.75
Beauty,Marketplace,36,2,5.56
"Home & Kitchen","Mobile App",63,3,4.76
"Home & Kitchen",Website,69,3,4.35
Toys,"Social Commerce",23,1,4.35
Sports,"Social Commerce",24,1,4.17
Beauty,"Social Commerce",27,1,3.70
Sports,Marketplace,52,1,1.92
"Food & Beverage",Marketplace,62,1,1.61
